User_ID,Food_ID,Rating,Name,C_Type,Veg_Non,Describe,C_Type_encoded,Veg_Non_encoded
1.0,88.0,4.0,peri peri chicken satay,Snack,non-veg,"boneless skinless chicken thigh (trimmed), salt and pepper, yogurt, chilli powder, ginger garlic paste, coriander leaves, oil to fry, peri peri sauce, potato fries",12,0
1.0,46.0,3.0,steam bunny chicken bao,Japanese,non-veg,"buns, all purpose white flour, dry yeast, sugar, salt, warm water, chicken mince, eggs, soy sauce, sugar, sesame oil, worcestershire sauce, chives, aromat powder",8,0
1.0,24.0,5.0,green lentil dessert fudge,Dessert,veg,"whole moong beans, cow ghee, raisins, whole milk, jaggery (organic), ground cardamom, almonds (halved)",3,1
1.0,25.0,4.0,cashew nut cookies,Dessert,veg,"cashew paste, ghee, khaand (a sweetening agent and a healthier substitute of sugar), flax or chia seeds, plain yogurt, baking soda, baking powder, vanilla, oats, organic all-purpose flour",3,1
2.0,49.0,1.0,christmas tree pizza,Italian,veg,"pizza dough (2 boules), red pepper, red onion, basil pesto (purchased, homemade or vegan pesto), mozzarella cheese, kosher salt",7,1
3.0,168.0,1.0,egg and garlic fried rice,Chinese,non-veg,"oil, garlic, spring onion , ginger, red chilli , egg, cooked rice, salt, black pepper powder, soya sauce",2,0
3.0,46.0,2.0,steam bunny chicken bao,Japanese,non-veg,"buns, all purpose white flour, dry yeast, sugar, salt, warm water, chicken mince, eggs, soy sauce, sugar, sesame oil, worcestershire sauce, chives, aromat powder",8,0
3.0,65.0,3.0,almond  white chocolate gujiya,Japanese,veg,"all-purpose flour, clarified butter (ghee), water, white chocolate, dessicated coconut, green cardamom powder, almond, jaggery",8,1
3.0,299.0,1.0,kolim / jawla,Indian,veg,dried fish named kolim or jawla found in coastal maharashtra with onion and spices. usually eaten with bhakri or chapati,6,1
4.0,14.0,5.0,"peach, raspberry and nuts smoothie",Healthy Food,veg,"fresh raspberries, ripe banana, almond, fresh peach slices, low fat yogurt, fresh raspberry, peach fruit slices, almonds",5,1
4.0,141.0,5.0,"risotto lobster with parmesan egg pancake, confit tomatoes and coral tuille",Italian,non-veg,"lobster shell, carrot, leeks, garlic cloves, tomato paste, bay leaf, peppercorn, water, lobster meat, arborio rice, onion, leeks, lobster stock, parmesan cheese, cream, salt, olive oil, egg, parmesan, flour, milk, parsley, salt, cherry tomatoes, garlic pods, olive oil, water, oil, flour, salt",7,0
4.0,170.0,1.0,fried rice with soya chunks,Chinese,veg,"basmati rice, carrot, capsicum, beans, green peas, ginger, garlic, green chillies, bay leaf, cinnamon sticks, green cardamoms, clove, soya chunks, salt,",2,1
4.0,21.0,1.0,apple rabdi,Dessert,veg,"apples, milk, sugar, green cardamoms, almonds (blanched), pistachios (blanched)",3,1
5.0,64.0,2.0,chocolate prunes gujiyas,Japanese,veg,"for gujiya pastry:, refined flour, ghee, water, salt, for gujiya stuffing:, dark chocolate, prunes, mawa, sugar, cardamom",8,1
6.0,22.0,5.0,baked namak para,Snack,veg,"whole wheat flour (atta), refined flour (maida), baking powder, ghee, salt, carom seeds (ajwain)",12,1
6.0,207.0,2.0,spiced almond banana jaggery cake,Dessert,veg,"Butter, cinnamon molasses powder, nutmeg (powdered), almonds, sugar, eggs, orange peel, banana, flour, baking soda, baking powder, salt, buttermilk, powdered cinnamon",3,1
7.0,131.0,5.0,balti meat,Mexican,non-veg,"refined oil, black cardamoms, green cardamoms, mace, clove, cinnamon stick, black pepper corn, ginger garlic paste, ginger, green chilies, mutton curry cut, brown onion paste, salt, kashmiri red chili powder, tomato puree, garam masala powder, coriander powder, cumin powder",10,0
7.0,220.0,3.0,matcha tea macarons,Dessert,veg,"egg whites, breakfast sugar, icing sugar, almond powder, matcha powder, heavy cream, white chocolate",3,1
8.0,140.0,4.0,seared salmon in tabasco butter,Thai,non-veg,"butter, tabasco, chives, salt, salmon fillet, olive oil, sea salt",14,0
8.0,201.0,3.0,mix fruit laccha rabri tortilla crunch,Mexican,veg,"milk, sugar, cardamom powder, saffron, almonds and pistachios, grapes, apple, kiwi, orange, pomegranate, mint leaves, tortilla sheet, oil",10,1
8.0,242.0,3.0,rice kheer,Indian,veg,"milk, rice (washed), sugar, raisins, green cardamoms, almonds (shredded)",6,1
8.0,128.0,4.0,thai lamb balls,Thai,non-veg,"lamb (minced), couscous, scallion, garlic, egg, parsley, olive oil, mint, ao nori herb, salt, five spice, cinnamon powder",14,0
8.0,163.0,5.0,red rice vermicelli kheer,Indian,veg,"red rice vermicelli / broken sooji / semolina vermicelli, butter, almonds, whole milk, cardamom powder, saffron strands / thread, sugar",6,1
9.0,15.0,1.0,almond and cranberry poha,Indian,veg,"almond flakes, onion, poha, cranberries (frozen/ dried), salt, oil, curry leaves, green chilies, fresh coconut",6,1
9.0,60.0,5.0,caramelized sesame smoked almonds,Snack,veg,"red lentils or masoor dal (half-boiled), potato (grated), carrot, french beans, bread slices, ground chickpea flour (sattu), green chillies, ginger, onions, garlic (minced), salt, sugar, chaat masala, red chilli powder, garam masala, corn flour, besan, bread crumbs for crunchyness, coriander, refined oil (for fryingp)",12,1
9.0,91.0,5.0,chicken biryani,Indian,non-veg,"malabar peppercorn, cinnamon stick, green cardamom pods, star anise, cloves, fennel seeds, vermicelli, desi ghee, shahi jeera, bay leaves, green chilli, mint leaves, onion, saffron, garlic paste, salt, chicken (dark meat), ginger paste, turmeric powder, coriander powder, red chilli powder, roma tomatoes (de-seedeed), water",6,0
9.0,2.0,3.0,chicken minced salad,Healthy Food,non-veg,"olive oil, chicken mince, garlic (minced), onion, salt, black pepper, carrot, cabbage, green onions, sweet chilli sauce, peanut butter, ginger, soy sauce, fresh cilantro, red pepper flakes (crushed), tarts",5,0
9.0,180.0,2.0,lotus leaf wrapped fried rice,Chinese,veg,"Jasmine Rice (Baked), Edamame Beans, Mock Meat, Shitake Mushroom, Spring Onion, Dark Soy Sauce, Sunflower Oil, Salt",2,1
9.0,182.0,4.0,avial with red rice,Indian,veg,"Red rice, water, potatoes, carrots, raw banana, drumstick, small raw mango, sour curd, bean stick, onion, salt, turmeric, water, coconut oil, green chillies, mustard seeds (crushed)",6,1
9.0,244.0,3.0,jalebi with fennel yogurt pudding,Dessert,veg,"all purpose flour, yogurt, oil, sugar, water, saffron, green cardamom, yogurt (strained), milk (warm), sugar, nutmeg, cardamom powder",3,1
10.0,70.0,5.0,shepherds salad (tamatar-kheera salaad),Healthy Food,veg,"1 cucumber peeled and chopped, onion, tomato, green chillies, garlic buds, pasarley, olive oil, lemon juice, salt and pepper",5,1
10.0,227.0,2.0,cinnamon oatmeal pancakes,Healthy Food,veg,"rolled oats, buttermilk (divided), whole wheat flour or oat flour, baking powder, baking soda, cinnamon, salt, eggs, canola oil , honey or maple syrup,",5,1
10.0,100.0,4.0,spicy chicken curry,Indian,non-veg,"oil, ghee, onion paste, garlic paste, ginger paste, turmeric powder, salt, tomato puree, coriander powder, red chilli powder, cumin powder, garam masala, chicken leg pieces, coriander leaves, water",6,0
10.0,250.0,2.0,jerk chicken,Indian,non-veg,"chicken legs, lime (halved), jerk seasoning powder (bottled), jerk seasoning paste (bottled), olive oil",6,0
11.0,35.0,4.0,banana walnut smoothie,Healthy Food,veg,"Low Fat Yogurt, Banana, Walnuts, Seeds (Facseeds and Chia Seeds), Honey",5,1
11.0,154.0,3.0,fish with white sauce,Italian,non-veg,"Fillet fish, oil, milk, flour, butter, salt, ground black pepper",7,0
11.0,274.0,2.0,banana phirni tartlets with fresh strawberries,Snack,veg,"basmati rice (soaked in water), milk, cardamom powder, milk, saffron, sugar, banana, fresh strawberries, plain flour, butter (chilled), castor sugar, egg yolk, chilled water",12,1
11.0,48.0,5.0,almond and chicken momos (without shell),Chinese,non-veg,"chicken mince, garlic, carrots, spring onion, ginger, soya sauce, oyster sauce, sesame oil, pepper powder, egg, almonds (blanched), oil (for greasing)",2,0
12.0,38.0,4.0,mixed salad with lotus root,Healthy Food,veg,"Iceberg Lattoos, Lolo Rosso, Endive Lettuce, Red Cabbage, Lotus Root, Kaddu, Yam Beans, Small Onions, Pomegranate, Chalet Oil, Pomelo, Lemongrass Sauce",5,1
12.0,169.0,4.0,curd rice,Indian,veg,"rice, water, curd, milk, carrot, green chilli, ginger, salt, coriander leaves, oil, mustard seeds, chana dal, urad dal, curry leaves, red chilli, hing",6,1
14.0,17.0,3.0,baked namakpara with roasted almond dip,Snack,veg,"almonds (crushed), tomato, garlic cloves, basil sprig, lemon, salt, pepper, for namak para:, refined flour, sugar, salt, olive oil, water",12,1
14.0,267.0,5.0,red velvet banana pudding,Dessert,veg,"one can of sweetened condensed milk, ice cold water, instant vanilla pudding mix, cream cheese (softened and cut into 8 pieces), heavy cream, one 9 x 13 inch layer of red velvet cakcake, ripe bananas, mini chocolate chips, sugar, cocoa, cake flour, baking soda, salt, butter (room temp cut into 1 inch pieces), eggs, milk, sour cream, cider vinegar, vanilla extract, red food coloring, all-purpose flour, milk, unsalted butter (room temperature), sugar, vanilla extract",3,1
14.0,272.0,1.0,chocolate marquise,Dessert,veg,"dark chocolate (melted), castor sugar, egg yolk, egg, cocoa powder, coffee, cream, berries, dark chocolate, fresh cream",3,1
15.0,130.0,5.0,chicken shami kebab,Indian,non-veg,"oil, cumin seeds, cloves, black peppercorns, cinnamon, coriander seeds, ajwain, red chilli whole, chilli flakes, boneless chicken, salt, water, ginger, green chilli, garlic, coriander leaves , mint leaves , egg",6,0
15.0,149.0,1.0,prawn and litchi salad,Healthy Food,veg,"prawns (shelled and cleaned), spring onions, mango flesh, litchis (deseeded), chilli flakes, lemon (for lemon juice), olive oil, peanuts (to garnish), salt",5,1
15.0,43.0,3.0,beetroot modak,Japanese,veg,"gram flour (besan), semolina (rava/sooji), beetroot colour or two oven cooked beetroot paste , water, oil (for frying), for sugar syrup:, sugar, water, cardamom powder, lemon juice, cashews (kaju)",8,1
16.0,243.0,3.0,assorted rice kheer sushi,Japanese,veg,"basmati rice, milk, sugar, pistachio, almonds, green cardamoms(powdered), saffron, rose water, rose petals (dried), dark chocolate",8,1
16.0,10.0,4.0,broccoli and almond soup,Healthy Food,veg,"vegetable stock, broccoli, ground almonds (toasted), skimmed milk, salt, freshly ground black pepper",5,1
16.0,270.0,3.0,jalapeno cheese fingers,Mexican,veg,"yellow cornmeal, sugar, baking soda, salt, buttermilk (well-shaken), egg, cheddar (extra sharp), scallion (white and pale green parts only), pickled jalapenos (drained), unsalted butter,",10,1
16.0,291.0,1.0,chicken razala,Indian,non-veg,chicken cooked in a rich gravy with mint,6,0
17.0,23.0,4.0,dates and nuts ladoo,Dessert,veg,"dates (pitted), mixed nuts (almonds, cashews, walnuts, pistachios, peanuts), dessicated coconut (optional)",3,1
17.0,114.0,1.0,chicken dragon,Chinese,non-veg,"Chicken (boneless and cut into small pieces), eggs (lightly whipped), maida, garlic paste, ginger paste, salt, water, oil",2,0
17.0,8.0,5.0,lamb and chargrilled bell pepper soup,Healthy Food,non-veg,"lamb bones (preferably shank and shoulder), onions, celery, ginger, garlic, carrot, chargrilled red/yellow/green bell peppers (quartered), whole spices mix (black pepper, cinnamon, cardamom, clove, bay leaf), salt, water (warm), oil (sunflower or olive",5,0
17.0,251.0,5.0,lemon poppy seed cake ,Dessert,veg,"Flour, Baking Powder, Salt, Castor Sugar, Baking Soda, Eggs, Butter, Vanilla Essence, Lemon Juice, Poppy, Lemon Peel, Lemon Syrup, Wiped Cream, Fresh Berry",3,1
17.0,7.0,4.0,chocolate nero cookies,Dessert,veg,"almonds, eggs, granulated sugar, bittersweet chocolate, unsalted butter, flour, baking powder, castor sugar, icing sugar",3,1
18.0,18.0,5.0,grilled almond barfi,Dessert,veg,"khoya, sweetener (optional), almonds (crushed)",3,1
18.0,37.0,2.0,red rice poha,Indian,veg,"Onion, Pepper, Button Mushroom, Wild Mushroom, White Wine, Tomato, Sage Leaf, Red Poha, Truffle Oil, Rosemary",6,1
19.0,11.0,4.0,coconut lime quinoa salad,Healthy Food,veg,"uncooked quinoa, water, red onion, cucumber (diced), purple cabbage, avocado (ripened and diced), orange, shelled edamame (defrosted), unsweetened toasted coconut flakes, almonds, few shakes of black pepper, for the dressing:, orange juice, lime (juiced), apple cider vinegar, olive oil",5,1
19.0,211.0,1.0,lamb barley pot,Healthy Food,non-veg,"pot barley, onions, worcestershire sauce, chilli flakes, mustard seeds, thick mutton chunks, thick neck of lamb chops, water or stock (to cover), salt, black pepper (freshly ground)",5,0
21.0,126.0,1.0,andhra crab meat masala,Indian,non-veg,"processed crab meat, refined oil, curry leaves, garlic, green chilli, onion, ginger-garlic paste, coriander, coriander powder, cumin powder, turmeric powder, garam masala powder, kashmiri chilli powder, salt, lemon, chop masala, tomato",6,0
21.0,230.0,3.0,eggless coffee cupcakes,Dessert,veg,"maida/ flour, baking powder, sugar, cocoa powder, vanilla essence, butter (softened, salted. in case you are using unsalted butter, add 1/4 tsp salt), milk (to make the batter smooth. adjust the milk quantity according to your batter's smoothness), coffee powder + 1 tsp water, to make a paste (you can increase or decrease according to your coffee tolerance)",3,1
21.0,185.0,2.0,red wine braised mushroom flatbread,Italian,veg,"olive oil, fresh buffalo mozzarella cheese, canned pelati tomatoes (cooked), pizza/flatbread base, mushrooms, red wine, parsley, garlic cloves (halved), salt",7,1
21.0,280.0,5.0,baked raw banana samosa,Snack,veg,"onion, ginger, curry powder, fresh coriander, green chilli, raw banana paste, refined oil, mustard seeds, phyllo sheets, salt",12,1
22.0,165.0,2.0,thai pineapple rice,Thai,veg,"rice, onion, thai ginger , fresh turmeric, curry leaf, lemon grass, coconut milk, salt, hot curry powder, pineapple chunks, oil, water, turmeric powder, fresh pineapple",14,1
22.0,2.0,5.0,chicken minced salad,Healthy Food,non-veg,"olive oil, chicken mince, garlic (minced), onion, salt, black pepper, carrot, cabbage, green onions, sweet chilli sauce, peanut butter, ginger, soy sauce, fresh cilantro, red pepper flakes (crushed), tarts",5,0
22.0,53.0,3.0,chocolate appe,Snack,veg,"rice, coconut, baking powder, vanilla extract, cinnamon powder, brown sugar, unsweetened cocoa powder, salt, chocolate chips, butter",12,1
22.0,275.0,4.0,mexican pizza,Mexican,veg,"Dough tortia, refried beans, bell paper, spring onion, lettuce, mozzarella cheese, orange cheddar cheese, chitpole dressing, for pico de chelo, tomato, onion, lemon juice, salt, green chilli, coriander, black beans (boiled ), Tomato, onion, vine paper, vegetable oil",10,1
23.0,223.0,5.0,veg summer rolls,Thai,veg,"rice paper sheets, iceberg lettuce, carrot, bean sprouts, cucumber, tofu, basil, mint leaves, coriander, rice noodles (soaked in warm water for 20-25 minutes), peanuts, hoisin sauce, peanuts, garlic, oil, red chillies, water",14,1
24.0,23.0,2.0,dates and nuts ladoo,Dessert,veg,"dates (pitted), mixed nuts (almonds, cashews, walnuts, pistachios, peanuts), dessicated coconut (optional)",3,1
24.0,51.0,5.0,christmas chocolate fudge cookies,Dessert,veg,"unsalted butter, brown sugar, chocolate, chocolate chips, eggs, flour, cocoa powder, baking powder",3,1
25.0,55.0,5.0,filo pizza,Italian,veg,"filo pastry, himalayan salt, black pepper, salted butter, tomato sauce, broccoli, button mushroom, green zucchini, yellow zucchini, capsicum yellow, capsicum green, capsicum red, pizza spice mix, mozzarella cheese",7,1
25.0,178.0,3.0,oats shallots pulao,Healthy Food,veg,"Rice, Green Coriander, Green Chillies, Onion, Cinnamon, Cardamom, Cloves, Red Chilli Powder, Salt, Garlic Flakes, Ginger, Chalet, Olive Oil",5,1
25.0,287.0,3.0,pasta in cheese sauce,Italian,veg,"Milk, Flour, Butter, Pepper Powder, Nutmeg, Cheese, Pasta (of your choice)",7,1
26.0,55.0,5.0,filo pizza,Italian,veg,"filo pastry, himalayan salt, black pepper, salted butter, tomato sauce, broccoli, button mushroom, green zucchini, yellow zucchini, capsicum yellow, capsicum green, capsicum red, pizza spice mix, mozzarella cheese",7,1
26.0,45.0,5.0,ghee roast chicken dosa quesadilla,Mexican,non-veg,"dry red chillies, coriander seeds, cumin seeds, fenugreek seeds, black pepper, clove, garlic, turmeric powder, boneless chicken, curd, lemon (juiced), for cooking chicken:, tamarind pulp, ginger (1 inch), garlic cloves, onion, tomato, ghee, red chilli powder, salt, crushed jaggery, dosa batter (for 4 dosas), processed cheese, ghee or oil (to crisp the dosa), coriander leaves, curry leaves (deep fried), curd, salt, zeera powder, sugar, red chilli powder",10,0
27.0,161.0,2.0,spanish fish fry,Mexican,non-veg,"Sol fish, tomato, onion, lemon juice, olive oil, ginger and garlic paste, bay leaves, cinnamon stick, green chillies, vinegar, salt, water",10,0
27.0,213.0,3.0,berry parfait hazelnut white chocolate sable,Dessert,veg,"for berry parfait:, egg yolk, caster sugar, berry puree, cream cheese, double cream, for hazelnut streusel:, ground hazelnut, flour, caster sugar, butter, for hazelnut white chocolate pressed sable:, hazelnut streusel, cocoa butter, puffed rice, clarified butter, melted white chocolate, for flexy berry:, raspberry puree, sugar, liquid glucose, pectin",3,1
27.0,207.0,4.0,spiced almond banana jaggery cake,Dessert,veg,"Butter, cinnamon molasses powder, nutmeg (powdered), almonds, sugar, eggs, orange peel, banana, flour, baking soda, baking powder, salt, buttermilk, powdered cinnamon",3,1
27.0,86.0,4.0,roast turkey with cranberry sauce,Healthy Food,non-veg,"whole turkey, butter, onion, celery, crumbled sage and thyme , salt and pepper, garlic minced, balsamic vinegar, sugar, cranberry",5,0
27.0,54.0,1.0,sous-vide salmon tikka,French,non-veg,"norwegian salmon, black garlic pickle, butter, butchery bag, smoked yogurt, home made prawn crisp, edible flower, salt",4,0
29.0,34.0,5.0,mixed berry & banana smoothie,Healthy Food,veg,"Frozen mixed berries, ripped banana,fresh orange juice, low fat curd",5,1
29.0,281.0,1.0,coconut mango oatmeal with cinnamon hint,Healthy Food,veg,"coconut (tender), coconut milk, oats, ripe mango (diced), castor sugar, dry fruits, honey, cardamom powder",5,1
30.0,304.0,1.0,rice,Indian,veg,boiled rice,6,1
31.0,80.0,1.0,baba budan no. 7,Beverage,veg,"rum, espresso, sugar syrup/gur (jaggery) syrup, green cardamom pod,",1,1
31.0,129.0,5.0,oyster lamb,Thai,non-veg,"vegetable oil, garlic, ginger, lamb, stock, oyster sauce, dry sherry, sugar, celery, salt, bokchoy, shitake mushroom",14,0
31.0,74.0,5.0,slow cooked spiced sangria,Mexican,veg,"red wine (merlot / zinfandel), apple cider, honey, orange (zested and juiced), cloves (whole), green cardamom, cinnamon sticks, anise (whole), brandy",10,1
31.0,240.0,3.0,lamb rogan josh,French,non-veg,"lamb chops or stewing lamb, vegetable oil, cassia bark or cinnamon stick, bay leaves, green cardamoms, onions, garlic cloves, butter, turmeric, chilli powder, ground cumin, ground coriander, tomato puree, salt, garam masala, lemon juice",4,0
32.0,32.0,4.0,almond and amaranth ladoo,Dessert,veg,"popped amaranth seeds, jaggery, almonds (slivered, unpeeled)",3,1
32.0,71.0,1.0,carrot ginger soup,Healthy Food,veg,"Carrots, Olive Oil, Salt, Vegetable Stock, Ginger, Thyme, Onion, Garlic Buds, Pepper (Freshly Picked)",5,1
32.0,91.0,2.0,chicken biryani,Indian,non-veg,"malabar peppercorn, cinnamon stick, green cardamom pods, star anise, cloves, fennel seeds, vermicelli, desi ghee, shahi jeera, bay leaves, green chilli, mint leaves, onion, saffron, garlic paste, salt, chicken (dark meat), ginger paste, turmeric powder, coriander powder, red chilli powder, roma tomatoes (de-seedeed), water",6,0
32.0,263.0,1.0,holi special bhang pakode,Indian,veg,"besan, potato, fresh bhang leaves, spinach, bhang seed powder, ajwain, fresh green chilly , salt, tamarind paste, red chilly powder, mustard seeds, whole red chilli, soda",6,1
32.0,143.0,1.0,seafood rock filler,French,veg,"baked tart of mixed sea food served with phyllo fruit bowl, savory tart shell (semi baked), mixed sea food, mornay sauce, assorted herb and seasoning, phyllo pastry, assorted seasonal fruit",4,1
32.0,309.0,5.0,puffed rice,Snack,veg,"grain made from rice; usually made by heating rice kernels under high pressure in the presence of steam, though the method of manufacture varies widely. pori (puffed rice) has been mentioned in various tamil literatures as an offering to hindu deities. offerings of pori and jaggery made to vinayagar (lord ganesh) are mentioned in the tiruppugazh, a 15th-century anthology of tamil religious songs, written by tamil poet arunagirinathar. pori is offered to hindu gods and goddesses in all poojas in the south indian states of kerala and tamil nadu.",12,1
33.0,166.0,4.0,green asparagus risotto,Italian,veg,"carnaroli rice, vegetable broth, butter, extra virgin olive oil, parmigiano cheese, onion (minced), white wine, salt & pepper",7,1
34.0,65.0,4.0,almond  white chocolate gujiya,Japanese,veg,"all-purpose flour, clarified butter (ghee), water, white chocolate, dessicated coconut, green cardamom powder, almond, jaggery",8,1
34.0,12.0,2.0,lemon honey glazed sous vide corn on the cob,Snack,non-veg,"young corn on the cob, honey, lemon juice, garlic cloves (smashed), celery stalk, chives, carrot, salt, paprika powder, parsley, plastic bag, food thermometer",12,0
35.0,28.0,5.0,vegetable som tam salad,Healthy Food,veg,"raw papaya, carrot, french bean diamond, cherry tomato, garlic, crush mix chilli, somtam dressing, peanuts (crushed), peanuts",5,1
35.0,147.0,3.0,bihari fish curry,Indian,non-veg,"rohu fish, salt, turmeric powder, chilli powder, oil, garlic , green chillies, mustard seeds, black peppercorns, cumin seeds, whole red chillies, fenugreek seeds, tomatoes, mustard oil, bay leaves, water, garam masala, coriander leaves",6,0
35.0,68.0,3.0,gajar tart,French,veg,"white butter, breakfast sugar, milk full fat, refined flour, winter carrots, ghee, sugar, khoya, cardamom powder, cashew nuts (crushed), almonds (crushed), full fat milk, full fat milk, grain sugar, green cardamom powder",4,1
35.0,15.0,1.0,almond and cranberry poha,Indian,veg,"almond flakes, onion, poha, cranberries (frozen/ dried), salt, oil, curry leaves, green chilies, fresh coconut",6,1
36.0,49.0,2.0,christmas tree pizza,Italian,veg,"pizza dough (2 boules), red pepper, red onion, basil pesto (purchased, homemade or vegan pesto), mozzarella cheese, kosher salt",7,1
36.0,212.0,3.0,al hachi chicken,Indian,non-veg,"shallow fried chicken, bottle gourd (boiled and sun dried), onion, garlic, whole spices:, green cardamom, black cardamom, cinnamon sticks, turmeric, deggi mirch, fennel seeds powder, dry ginger powder, coriander powder, salt, mustard oil, desi ghee",6,0
36.0,23.0,1.0,dates and nuts ladoo,Dessert,veg,"dates (pitted), mixed nuts (almonds, cashews, walnuts, pistachios, peanuts), dessicated coconut (optional)",3,1
36.0,19.0,5.0,baked shankarpali ,Snack,veg,"whole wheat flour (atta), refined flour (maida), garlic cloves (crushed), salt, red chilli powder, chaat masala, cumin powder, tomato puree, ghee",12,1
37.0,191.0,1.0,spaghetti with clams & crispy bread crumbs,Italian,veg,"panko, 1/4 cup plus 1 tablespoon extra-virgin olive oil, plus more for drizzling, kosher salt, freshly ground pepper, garlic cloves, manila clams or cockles, scrubbed, dry white wine, spaghetti, lemon zest, lemon juice, mullet bottarga (optional; see note), red pepper, thyme, rosemary, parsley",7,1
37.0,283.0,3.0,veg hakka noodles,Chinese,veg,"noodles, salt, oil, garlic paste, ginger paste, beans, cabbage, carrot, spring onion, capsicum, soy sauce, green chilli sauce, tomato sauce",2,1
38.0,160.0,2.0,fish salan,Mexican,non-veg,"King fish, ripe tomatoes, desi ghee, ginger-garlic paste, onion, turmeric powder, red chilli powder, black pepper powder, garam masala, ginger, turmeric powder, fennel powder, refined oil, salt, water",10,0
38.0,130.0,3.0,chicken shami kebab,Indian,non-veg,"oil, cumin seeds, cloves, black peppercorns, cinnamon, coriander seeds, ajwain, red chilli whole, chilli flakes, boneless chicken, salt, water, ginger, green chilli, garlic, coriander leaves , mint leaves , egg",6,0
38.0,243.0,4.0,assorted rice kheer sushi,Japanese,veg,"basmati rice, milk, sugar, pistachio, almonds, green cardamoms(powdered), saffron, rose water, rose petals (dried), dark chocolate",8,1
39.0,28.0,2.0,vegetable som tam salad,Healthy Food,veg,"raw papaya, carrot, french bean diamond, cherry tomato, garlic, crush mix chilli, somtam dressing, peanuts (crushed), peanuts",5,1
39.0,86.0,4.0,roast turkey with cranberry sauce,Healthy Food,non-veg,"whole turkey, butter, onion, celery, crumbled sage and thyme , salt and pepper, garlic minced, balsamic vinegar, sugar, cranberry",5,0
39.0,175.0,5.0,chicken paella,Mexican,non-veg,"chicken, oil, salt and pepper, paprika powder, chilli flakes, garlic paste, onions, bell peppers, rice, vegetable stock, saffron, peas, olives, parsley, white wine",10,0
39.0,195.0,4.0,egg in a blanket,French,non-veg,"eggs, brown bread slices, butter, chilli flakes, oregano, salt",4,0
39.0,256.0,5.0,apple kheer,Dessert,veg,"apples, basmati rice, nuscovado sugar (you can also use normal sugar), cashew nuts and almonds, cassia bark or cinnamon stick, red grapes",3,1
40.0,111.0,2.0,plum and cherry roasted chicken,Healthy Food,non-veg,"carrot (finely diced), onion (finely diced), celery (finely diced), fresh thyme sprigs, whole free range chicken , pepper (freshly ground), parsley stems, celery leaves, lemon slices (1/8 inch thick), onion, carrot, fresh lemon juice, chicken stock/broth, plums (cut), fresh cherries",5,0
41.0,100.0,3.0,spicy chicken curry,Indian,non-veg,"oil, ghee, onion paste, garlic paste, ginger paste, turmeric powder, salt, tomato puree, coriander powder, red chilli powder, cumin powder, garam masala, chicken leg pieces, coriander leaves, water",6,0
41.0,51.0,3.0,christmas chocolate fudge cookies,Dessert,veg,"unsalted butter, brown sugar, chocolate, chocolate chips, eggs, flour, cocoa powder, baking powder",3,1
41.0,259.0,2.0,ragi coconut ladoo (laddu),Dessert,veg,"finger millet flour (ragi), jaggery, peanuts, coconut, salt",3,1
42.0,84.0,2.0,filter coffee,Beverage,veg,"Coffee powder, water, milk, sugar",1,1
42.0,284.0,4.0,strawberry quinoa pancakes,Healthy Food,veg,"quinoa, milk, olive oil, egg (slightly beaten), baking powder, orange essence, castor sugar, maple syrup, strawberries (to garnish)",5,1
42.0,294.0,4.0,mushroom matar,Indian,veg,mushroom and peas in a masala/chili sauce,6,1
43.0,72.0,5.0,dark night,Beverage,veg,"whisky, honey, cinnamon, star anise, cloves, green apple",1,1
43.0,11.0,4.0,coconut lime quinoa salad,Healthy Food,veg,"uncooked quinoa, water, red onion, cucumber (diced), purple cabbage, avocado (ripened and diced), orange, shelled edamame (defrosted), unsweetened toasted coconut flakes, almonds, few shakes of black pepper, for the dressing:, orange juice, lime (juiced), apple cider vinegar, olive oil",5,1
45.0,47.0,2.0,meat lovers pizza,Italian,non-veg,"millet flour, tapioca flour, soy milk, garlic powder, baking powder, salt, tomato sauce, mozzarella cheese, prosciutto, pepperoni, chicken salami, salami milano, rosemary, olive oil",7,0
45.0,57.0,3.0,fish with jamun sauce,Indian,non-veg,"jamun, sugar, chilli, garlic cloves (minced), cumin (powdered), fish fillet (pomfret (or any white fish), semolina, salt, wilted spinach",6,0
45.0,108.0,3.0,cauliflower and chicken biryani,Indian,non-veg,"boneless chicken, biryani masala, yogurt, onions, coconut oil, cauliflower, coconut (diced), onion (diced), peppercorns, cardamoms, cumin seeds, bay leaves, cinnamon, cloves, coconut oil, garam masala, dry chilli flakes, turmeric powder, black peppercorns, cardamom, cinnamon, garlic (crushed), tomato puree, green chillies, fresh ginger (peeled), dry red chilli, salt",6,0
45.0,181.0,3.0,vegetable biryani,Indian,veg,"Cumin, Onion, Ginger Garlic, Mix Vegetable, Coriander Powder, Garam Masala, Turmeric Powder, Salt, Red Chilli Powder, Green Chillies, Lemon Juice, Steamed Rice, Green Coriander",6,1
45.0,208.0,5.0,fennel scented sweet banana fritters,Dessert,veg,"Wheat flour, banana, jaggery, milk or water, ghee or oil",3,1
45.0,236.0,2.0,plum cake,Dessert,veg,"oven temp: 150 c-300 f, butter, sugar, eggs, almonds, vanilla essence, mixed fruits (sultanas, raisins, candied peels and cherries), refined flour,",3,1
46.0,59.0,3.0,pesto fish kebabs,Indian,non-veg,"King fish cut into one inch pieces, paprika cut into one inch pieces, bezel pasto, white wine vinegar, salt, cooking spray",6,0
46.0,236.0,4.0,plum cake,Dessert,veg,"oven temp: 150 c-300 f, butter, sugar, eggs, almonds, vanilla essence, mixed fruits (sultanas, raisins, candied peels and cherries), refined flour,",3,1
46.0,68.0,4.0,gajar tart,French,veg,"white butter, breakfast sugar, milk full fat, refined flour, winter carrots, ghee, sugar, khoya, cardamom powder, cashew nuts (crushed), almonds (crushed), full fat milk, full fat milk, grain sugar, green cardamom powder",4,1
47.0,19.0,1.0,baked shankarpali ,Snack,veg,"whole wheat flour (atta), refined flour (maida), garlic cloves (crushed), salt, red chilli powder, chaat masala, cumin powder, tomato puree, ghee",12,1
47.0,225.0,3.0,sweet potato pie,Dessert,veg,"yams (red skinned), condensed milk, sugar, egg , cinnamon , marshmallows ,",3,1
47.0,199.0,2.0,lemon poppy seed cake,Dessert,veg,"plain flour, baking powder, salt, castor sugar, baking soda, eggs, butter, vanilla essence, lemon juice, poppy seed, lemon peel, to serve:, lemon syrup, whip cream, fresh berry",3,1
48.0,7.0,5.0,chocolate nero cookies,Dessert,veg,"almonds, eggs, granulated sugar, bittersweet chocolate, unsalted butter, flour, baking powder, castor sugar, icing sugar",3,1
48.0,58.0,1.0,dahi lasooni chicken,Indian,non-veg,"chicken (boneless, cube size), chesse, garlic, ginger garlic paste, coriander, green chilli paste, cream (fresh), curd, kaju paste, salt, black salt , garam masala, chaat masala, butter",6,0
48.0,85.0,3.0,garlic and pinenut soup with burnt butter essence,French,veg,"garlic cloves, almonds (whole), parsley, bayleaf, chicken broth, nutmeg, egg yolk, heavy cream, white bread slices, butter, salt, pepper, white wine",4,1
48.0,9.0,3.0,cream of almond soup,Healthy Food,veg,"vegetable stock, skimmed milk, toasted almonds (powdered), butter, flour, salt and pepper, nutmeg, almond essence, toasted almond flakes",5,1
49.0,1.0,5.0,summer squash salad,Healthy Food,veg,"white balsamic vinegar, lemon juice, lemon rind, red chillies, garlic cloves (crushed), olive oil, summer squash (zucchini), sea salt, black pepper, basil leaves",5,1
49.0,21.0,3.0,apple rabdi,Dessert,veg,"apples, milk, sugar, green cardamoms, almonds (blanched), pistachios (blanched)",3,1
49.0,205.0,3.0,lemon sushi cake,Dessert,veg,"Vanilla pre mix, gel, oil, water, egg yolks, lemon juice, sugar, butter, white chocolate, cooking cream, milk",3,1
49.0,44.0,3.0,andhra pan fried pomfret,Indian,veg,"white pomfret fish, sunflower refined ooil, red chilli powder, salt, turmeric powder, ginger-garlic paste, lemon (juiced), cumin powder, coriander powder, garam masala, green chilli, curry leaves, coriander",6,1
50.0,95.0,2.0,steamed chicken roulade,French,non-veg,"lamb mince, garlic , salt, paprika powder, pomodaro tomatoes, olive oil, celery, shallots, carrot, black pepper, bay leaf, yellow chilli powder, cilantro, chicken thigh, salt, white pepper powder, garlic paste, white wine vinegar, olive oil, yellow chilli powder, refined oil, fenugreek seeds, white pepper powder, garlic, fenugreek leaves, onion, broken cashew, salt, fresh cream, kasoori methi",4,0
50.0,167.0,2.0,veg fried rice,Chinese,veg,"oil, ginger-garlic paste, spring onion, carrot, cabbage, capsicum, salt, soy sauce, vinegar, rice",2,1
50.0,225.0,3.0,sweet potato pie,Dessert,veg,"yams (red skinned), condensed milk, sugar, egg , cinnamon , marshmallows ,",3,1
51.0,53.0,4.0,chocolate appe,Snack,veg,"rice, coconut, baking powder, vanilla extract, cinnamon powder, brown sugar, unsweetened cocoa powder, salt, chocolate chips, butter",12,1
52.0,254.0,2.0,orange quinoa sevaiyan,Healthy Food,veg,"sevaiyan, quinoa, orange juice , dried figs, sugar, almond milk, desi ghee, jaggery, walnuts, melon seeds, peanuts",5,1
52.0,268.0,3.0,baked wild berry cheesecake,Dessert,veg,"butter, digestive biscuits, berries, cream cheese, castor sugar, vanilla extract, egg (lightly beaten), icing sugar",3,1
52.0,211.0,1.0,lamb barley pot,Healthy Food,non-veg,"pot barley, onions, worcestershire sauce, chilli flakes, mustard seeds, thick mutton chunks, thick neck of lamb chops, water or stock (to cover), salt, black pepper (freshly ground)",5,0
53.0,128.0,2.0,thai lamb balls,Thai,non-veg,"lamb (minced), couscous, scallion, garlic, egg, parsley, olive oil, mint, ao nori herb, salt, five spice, cinnamon powder",14,0
53.0,22.0,3.0,baked namak para,Snack,veg,"whole wheat flour (atta), refined flour (maida), baking powder, ghee, salt, carom seeds (ajwain)",12,1
54.0,146.0,4.0,thai prawn curry & baked rice ,Thai,veg,"jeera whole, coriander seeds, kashmiri chilly, garlic, ginger, green chillies, kokum, coconut, onion, tomatoes, coriander, prawns, salt, turmeric powder, garlic paste, asafoetida, refined oil, ginger paste, goan rice, coconut milk, green chillies, fresh coconut, hing, refined oil, coriander leaves, basmati rice, coconut milk, green chillies, coconut milk, coconut, salt, green chillies, curry leaf, lecite",14,1
54.0,25.0,3.0,cashew nut cookies,Dessert,veg,"cashew paste, ghee, khaand (a sweetening agent and a healthier substitute of sugar), flax or chia seeds, plain yogurt, baking soda, baking powder, vanilla, oats, organic all-purpose flour",3,1
54.0,204.0,2.0,chocolate and almond rum ball ,Dessert,veg,"Chocolate sponge eggless, dark chocolate, single cream, almonds, castor sugar, instant coffee powder, dark rum",3,1
54.0,100.0,1.0,spicy chicken curry,Indian,non-veg,"oil, ghee, onion paste, garlic paste, ginger paste, turmeric powder, salt, tomato puree, coriander powder, red chilli powder, cumin powder, garam masala, chicken leg pieces, coriander leaves, water",6,0
54.0,255.0,1.0,spicy creamy kadai chicken,Indian,non-veg,"chicken, ginger-garlic paste, pepper powder, lime juice, oil, salt, tomatoes, green chillies, ginger-garlic paste, chilli powder, black cardamoms, cloves, water, onion, ginger, green chillies, chilli powder, turmeric powder, garam masala, kasturi methi, cream",6,0
54.0,301.0,1.0,brown rice,Healthy Food,veg,riety of rice.,5,1
55.0,52.0,5.0,chicken parmigiana with tomato sauce,Italian,non-veg,"for chicken parmigiana:, chicken breast, egg whole frozen, flour, planko bread crumbs, fresh italian parsley, vegetable oil, solid butter unsalted, tomato sauce, mozzarella cheese, italian parmesan cheese, thyme, for pepperonata:, red pepper, green pepper, yellow pepper, red onion, fresh tomato, butternut squash, garlic, pure olive oil, vegetable oil, black pepper corn (crushed), salt, parsley, for garnishing:, parsley sprig, spinach",7,0
55.0,90.0,2.0,half roast chicken,Healthy Food,non-veg,"cooking oil, whole chicken (skin on- rinsed and dressed), onions (quartered- skin on), garlic (halved - skin on), carrots (roughly quartered), celery , thyme, dunkleweizen (pour into a glass and keep open at room temperature for an hour or two to make flat), chicken stock, butter, sea salt",5,0
55.0,121.0,3.0,methi malai cranberry chicken,Indian,non-veg,"Chicken (sliced ??into large pieces), salt, cranberry puree, red chilli powder, garam masala, coriander powder, cumin powder, chaat masala, corn flour, fenugreek leaves, gram flour, ginger, garlic, cream, Greek yogurt, butter",6,0
55.0,163.0,2.0,red rice vermicelli kheer,Indian,veg,"red rice vermicelli / broken sooji / semolina vermicelli, butter, almonds, whole milk, cardamom powder, saffron strands / thread, sugar",6,1
55.0,13.0,1.0,watermelon and strawberry smoothie,Healthy Food,veg,"fresh strawberries, honey, low fat yogurt, watermelon, chia seeds",5,1
55.0,288.0,3.0,deviled scotch egg,French,non-veg,"Lamb Keema, Rosemary, Thyme, Eggs (hard boiled peel), Flour, Eggs (Lightly Whipped), Panco, Peanut Oil, Salt, Pepper, Mayonnaise, Apple Cedar Vinegar, English Mustard, Salt, Pepper, Paprika and Olive Powder",4,0
56.0,298.0,4.0,chicken 65,Chinese,non-veg,"ed chicken preparation. chicken, onion, ginger",2,0
57.0,33.0,3.0,moong dal kiwi coconut soup,Indian,veg,"green gram (dhuli moong dal), kiwis, coconut cream, oil, bay leaves, cumin seeds, coriander seeds, black peppercorns, garlic cloves, medium onion, carrot, turmeric powder, curry powder, salt, fresh coriander sprigs",6,1
57.0,67.0,1.0,clotted cottage cheese croquettes,Italian,veg,"black pepper, black salt, bread crumb, corn flour, refined oil, jalapeno, jeera powder, maida, cottage cheese, parsley, salt, for thousand island dressing:, mayonnaise, tomato ketchup, minced garlic, celery, black pepper",7,1
57.0,271.0,1.0,californian breakfast benedict,Snack,veg,"brioche loaf, avocado paste, eggs, tomato, spinach, nutmeg powder, phyllo pastry sheet, assorted seasonal fruits, hollandaise sauce",12,1
58.0,137.0,1.0,japanese fish stew,Japanese,non-veg,"sole fillet (you can also do 2/3 types of fish), large shrimps (optional), potatoes (peeled), onions (cut into slices), garlic cloves, red capsicum (can use green also), parsley or coriander (choose the herb that most suits your taste buds), few dashes of hot sauce, paprika, olive oil, white wine, rock salt",8,0
59.0,43.0,3.0,beetroot modak,Japanese,veg,"gram flour (besan), semolina (rava/sooji), beetroot colour or two oven cooked beetroot paste , water, oil (for frying), for sugar syrup:, sugar, water, cardamom powder, lemon juice, cashews (kaju)",8,1
59.0,145.0,3.0,saewoo bokumbop (shrimp fried rice),Japanese,veg,"cooked rice, shrimp (de-veined, onion, cooked green peas, green onion, egg (scrambled), vegetable oil/butter, soy sauce, sesame oil, salt, pepper",8,1
59.0,270.0,5.0,jalapeno cheese fingers,Mexican,veg,"yellow cornmeal, sugar, baking soda, salt, buttermilk (well-shaken), egg, cheddar (extra sharp), scallion (white and pale green parts only), pickled jalapenos (drained), unsalted butter,",10,1
60.0,107.0,1.0,garlic soya chicken,Healthy Food,non-veg,"chicken thigh/breast (cut crosswise into 1/2-inch-thin strips), sesame oil (toasted), white pepper (finely ground), ginger juice, peanut oil or vegetable oil (divided), garlic cloves (minced), ginger, red chilli flakes, red onion , snow peas (trimmed), red bell pepper (cut into thin strips), rice vinegar, soy sauce, dark soy sauce, chinese rice wine, brown sugar, cornflour",5,0
60.0,144.0,2.0,shrimp & cilantro ceviche,French,veg,"prawns, gherkin, onion, cilantro, mix bell pepper, tiger milk, sweet corn, sea salt, black pepper, green lemon juice, cherry tomato, edible flower, coriander stems, celery stalks, garlic, ginger, red onion, lemon juice, sea salt, black pepper",4,1
61.0,45.0,3.0,ghee roast chicken dosa quesadilla,Mexican,non-veg,"dry red chillies, coriander seeds, cumin seeds, fenugreek seeds, black pepper, clove, garlic, turmeric powder, boneless chicken, curd, lemon (juiced), for cooking chicken:, tamarind pulp, ginger (1 inch), garlic cloves, onion, tomato, ghee, red chilli powder, salt, crushed jaggery, dosa batter (for 4 dosas), processed cheese, ghee or oil (to crisp the dosa), coriander leaves, curry leaves (deep fried), curd, salt, zeera powder, sugar, red chilli powder",10,0
61.0,22.0,3.0,baked namak para,Snack,veg,"whole wheat flour (atta), refined flour (maida), baking powder, ghee, salt, carom seeds (ajwain)",12,1
62.0,58.0,4.0,dahi lasooni chicken,Indian,non-veg,"chicken (boneless, cube size), chesse, garlic, ginger garlic paste, coriander, green chilli paste, cream (fresh), curd, kaju paste, salt, black salt , garam masala, chaat masala, butter",6,0
62.0,108.0,4.0,cauliflower and chicken biryani,Indian,non-veg,"boneless chicken, biryani masala, yogurt, onions, coconut oil, cauliflower, coconut (diced), onion (diced), peppercorns, cardamoms, cumin seeds, bay leaves, cinnamon, cloves, coconut oil, garam masala, dry chilli flakes, turmeric powder, black peppercorns, cardamom, cinnamon, garlic (crushed), tomato puree, green chillies, fresh ginger (peeled), dry red chilli, salt",6,0
62.0,157.0,2.0,chettinad fish fry,Indian,non-veg,"Surmai fish, oil, garlic buds, ginger (mash), cumin, fennel, whole coriander, black pepper, mustard seeds, curry leaves, salt, oil, water, tomatoes, red pepper powder, turmeric powder, tamarind pulp, cornflour, lemon pieces of",6,0
62.0,183.0,1.0,rice in lamb stock,Thai,non-veg,"Rice, desi ghee, big cardamom, bay leaf, cinnamon stick, fennel, onion, lamb bonz, royal cumin, cashew, cream, green cardamom powder, salt, water",14,0
62.0,265.0,4.0,arbi kofta with mint yogurt dip,Snack,veg,"arbi/colocasia roots, water chestnut flour (kuttu ka aata), green chili, ginger, carom seeds, rock salt, oil, mint, curd, cucumber, pomegranate",12,1
63.0,269.0,3.0,spiced orange valencia cake,Dessert,veg,"egg whites, egg white powder, sugar, almond powder, hazelnut powder, sugar, hazelnut (toasted)",3,1
64.0,18.0,5.0,grilled almond barfi,Dessert,veg,"khoya, sweetener (optional), almonds (crushed)",3,1
64.0,23.0,2.0,dates and nuts ladoo,Dessert,veg,"dates (pitted), mixed nuts (almonds, cashews, walnuts, pistachios, peanuts), dessicated coconut (optional)",3,1
65.0,165.0,5.0,thai pineapple rice,Thai,veg,"rice, onion, thai ginger , fresh turmeric, curry leaf, lemon grass, coconut milk, salt, hot curry powder, pineapple chunks, oil, water, turmeric powder, fresh pineapple",14,1
67.0,156.0,2.0,fish ambultiyal,Indian,non-veg,"Tuna, onion, fenugreek, whole chilli, pandan leaf, salt, water, cardamom, cinnamon, coriander powder, black pepper, red chilli, curry powder, garlic (crushed), chili flakes, gorca, salt",6,0
67.0,252.0,4.0,steam bunny chicken bao ,Japanese,non-veg,"Buns, Flour, Dry Yeast, Sugar, Salt, Hot Water, Chicken Mince, Eggs, Soy Sauce, Sugar, Sesame Oil, Worcestershire Sauce, Chives, Aromat Powder",8,0
67.0,47.0,4.0,meat lovers pizza,Italian,non-veg,"millet flour, tapioca flour, soy milk, garlic powder, baking powder, salt, tomato sauce, mozzarella cheese, prosciutto, pepperoni, chicken salami, salami milano, rosemary, olive oil",7,0
68.0,76.0,4.0,holi special ice tea thandai,Beverage,veg,"ground white pepper (kali mirch), assam tea bags, almonds (badam) - coarsley crushed, poppy seeds (khus-khus), fennel seeds (saunf) (crushed coarsely), cardamom (elaichi) powder, ground sugar, saffron (kesar) strands",1,1
68.0,47.0,5.0,meat lovers pizza,Italian,non-veg,"millet flour, tapioca flour, soy milk, garlic powder, baking powder, salt, tomato sauce, mozzarella cheese, prosciutto, pepperoni, chicken salami, salami milano, rosemary, olive oil",7,0
68.0,179.0,5.0,shiitake fried rice with water chestnuts,Chinese,veg,"Shitake Mushrooms, Vegetable Oil, Garlic Buds, Green Chillies, Water chestnuts, Onions, Leaks, Celery, Ginger, Sesame Oil, Rice Baked, White Chillies, Salt, Rice Wine Vinegar, Green Onions, Small Bunch Pasarley, Sesame Oil",2,1
69.0,126.0,4.0,andhra crab meat masala,Indian,non-veg,"processed crab meat, refined oil, curry leaves, garlic, green chilli, onion, ginger-garlic paste, coriander, coriander powder, cumin powder, turmeric powder, garam masala powder, kashmiri chilli powder, salt, lemon, chop masala, tomato",6,0
70.0,16.0,2.0,almond and raw banana galawat,Indian,veg,"almond slivers, raw banana (boiled), almond paste, cooking cream, refined oil, mace powder, cardamom powder , ginger garlic paste, garam masala powder, red chilli powder, salt, tempura batter",6,1
70.0,68.0,4.0,gajar tart,French,veg,"white butter, breakfast sugar, milk full fat, refined flour, winter carrots, ghee, sugar, khoya, cardamom powder, cashew nuts (crushed), almonds (crushed), full fat milk, full fat milk, grain sugar, green cardamom powder",4,1
70.0,122.0,3.0,southern fried chicken tenders,Snack,non-veg,"Chicken breast (cut 20 strips, 20 grams), all purpose flour, salt, hot red chillies, eggs, bread crumbles, white cabbage slaw, pasarley sprig, honey-mustard dip, green bell pepper",12,0
70.0,262.0,5.0,chicken masala,Indian,non-veg,"Chicken, ginger, garlic, onion, tomato, garam masala, bay leaves, salt, turmeric, coriander powder, red chilli powder, oil, green coriander, cream",6,0
70.0,56.0,5.0,chocolate samosa,Snack,veg,"refined flour, desi ghee, black cardamom seeds, chocolate block, almonds, cashew nuts, pistachio, sugar, garam masala powder, oil",12,1
71.0,50.0,4.0,french pork chop,French,veg,"pork chop, pink pepper corn, green pepper corn, aromatic sauce, salt, black pepper, salted butter, refined oil, red cabbage, bell pepper chop, apricot, onion, red wine, ancho chilli, cayenne pepper, microgreen",4,1
71.0,137.0,1.0,japanese fish stew,Japanese,non-veg,"sole fillet (you can also do 2/3 types of fish), large shrimps (optional), potatoes (peeled), onions (cut into slices), garlic cloves, red capsicum (can use green also), parsley or coriander (choose the herb that most suits your taste buds), few dashes of hot sauce, paprika, olive oil, white wine, rock salt",8,0
71.0,206.0,5.0,chocolate doughnut,Dessert,veg,"Sugar, egg yolks, egg, butter, yeast, milk",3,1
71.0,53.0,3.0,chocolate appe,Snack,veg,"rice, coconut, baking powder, vanilla extract, cinnamon powder, brown sugar, unsweetened cocoa powder, salt, chocolate chips, butter",12,1
71.0,307.0,1.0,bhurji- egg,Indian,non-veg,"made using indian spices, onion, tomatoes, green chilli, and had with bread, or parathas.",6,0
72.0,222.0,1.0,chocolate fudge cookies,Dessert,veg,"dark chocolate coverture, butter, sugar, eggs, flour, baking powder, salt, cocoa powder, vanilla essence",3,1
73.0,56.0,1.0,chocolate samosa,Snack,veg,"refined flour, desi ghee, black cardamom seeds, chocolate block, almonds, cashew nuts, pistachio, sugar, garam masala powder, oil",12,1
73.0,234.0,2.0,cinnamon star cookies,Dessert,veg,"Butter, Castor Sugar, Christmas Mix Spicy, Cinnamon Powder, Honey, Glucose, Cream, Poultry Flour, Baking Soda, Bread Flour",3,1
74.0,56.0,3.0,chocolate samosa,Snack,veg,"refined flour, desi ghee, black cardamom seeds, chocolate block, almonds, cashew nuts, pistachio, sugar, garam masala powder, oil",12,1
75.0,37.0,2.0,red rice poha,Indian,veg,"Onion, Pepper, Button Mushroom, Wild Mushroom, White Wine, Tomato, Sage Leaf, Red Poha, Truffle Oil, Rosemary",6,1
75.0,12.0,3.0,lemon honey glazed sous vide corn on the cob,Snack,non-veg,"young corn on the cob, honey, lemon juice, garlic cloves (smashed), celery stalk, chives, carrot, salt, paprika powder, parsley, plastic bag, food thermometer",12,0
76.0,115.0,5.0,chicken palwal,Indian,non-veg,"Chicken, Onion, Tomato, Green Chilli, Cumin Powder, Coriander Powder, Green Coriander, Curd, Ginger Garlic, Red Chilli Powder, Salt, Oil",6,0
76.0,23.0,1.0,dates and nuts ladoo,Dessert,veg,"dates (pitted), mixed nuts (almonds, cashews, walnuts, pistachios, peanuts), dessicated coconut (optional)",3,1
76.0,216.0,5.0,duo of chocolate and strawberry,Dessert,veg,"dark chocolate, white chocolate, strawberries",3,1
77.0,3.0,1.0,sweet chilli almonds,Snack,veg,"almonds whole, egg white, curry leaves, salt, sugar (fine grain), red chilli powder",12,1
77.0,20.0,4.0,baked multigrain murukku,Snack,veg,"oats, ragi flour (bhakri atta), wheat flour, rice flour, urad dal flour (dry roast and grind the dal to a fine powder), cumin seeds, green chillies, ginger, salt, oil",12,1
77.0,228.0,4.0,chocolate chip cheesecake,Dessert,veg,"butter biscuits (broken into pieces), butter (softened), cream cheese (softened), sugar, egg, rose essence or vanilla essence, chocolate chips",3,1
77.0,163.0,2.0,red rice vermicelli kheer,Indian,veg,"red rice vermicelli / broken sooji / semolina vermicelli, butter, almonds, whole milk, cardamom powder, saffron strands / thread, sugar",6,1
78.0,21.0,4.0,apple rabdi,Dessert,veg,"apples, milk, sugar, green cardamoms, almonds (blanched), pistachios (blanched)",3,1
78.0,302.0,5.0,koldil chicken,Chinese,non-veg,made with banana flower; an assamese specialty,2,0
79.0,173.0,3.0,lemon rice,Indian,veg,"cooked basmati rice, oil, asafoetida (heeng), mustard seeds (sarson), curry leaves (kadhi patta), whole red chilli (sabut laal mirch), turmeric powder(haldi), salt, lemon juice, peanuts, urad dal, chana dal, ginger",6,1
79.0,163.0,4.0,red rice vermicelli kheer,Indian,veg,"red rice vermicelli / broken sooji / semolina vermicelli, butter, almonds, whole milk, cardamom powder, saffron strands / thread, sugar",6,1
80.0,66.0,5.0,betel nut popsicle,Dessert,veg,"full cream milk, cream, mascarpone, sugar, paan (crushed), cookie crumble, dark chocolate (melted), caramel sauce",3,1
80.0,112.0,4.0,chicken roulade,French,non-veg,"chicken breasts, olives, jalapenos, bell peppers(all 3), thyme dried, white wine, salt, black pepper (crushed to taste), egg, olive oil, mozerella cheese, processed cheese",4,0
80.0,257.0,5.0,ragi oats ladoo (laddu),Dessert,veg,"ragi flour, oats flour, dates (ripe), milk, honey, ghee, green cardamom powder, white sesame seeds, coconut powder, cashew nuts",3,1
81.0,197.0,5.0,cheese and avocado parantha,Mexican,veg,"Wheat flour, Kasuri methi, water, olive oil, avocado, mozzarella cheese, pizza tasting, ghee, salt",10,1
81.0,63.0,3.0,flax seed and beetroot modak,Japanese,veg,"rice flour, salt, oil (for greasing), beetroot puree, tossed flax seeds (for topping), fresh coconut, jaggery, poppy seeds, green cardamom powder, nutmeg powder",8,1
81.0,65.0,3.0,almond  white chocolate gujiya,Japanese,veg,"all-purpose flour, clarified butter (ghee), water, white chocolate, dessicated coconut, green cardamom powder, almond, jaggery",8,1
82.0,12.0,4.0,lemon honey glazed sous vide corn on the cob,Snack,non-veg,"young corn on the cob, honey, lemon juice, garlic cloves (smashed), celery stalk, chives, carrot, salt, paprika powder, parsley, plastic bag, food thermometer",12,0
82.0,16.0,4.0,almond and raw banana galawat,Indian,veg,"almond slivers, raw banana (boiled), almond paste, cooking cream, refined oil, mace powder, cardamom powder , ginger garlic paste, garam masala powder, red chilli powder, salt, tempura batter",6,1
82.0,27.0,4.0,hawaiin papaya salad,Healthy Food,veg,"papaya, fresh lime (juiced), watermelon balls or small squares (seedless), fresh pineapple chunks, coconut (unsweetened), vanilla flavoured yogurt (low fat)",5,1
82.0,229.0,5.0,chocolate lava cake,Dessert,veg,"dark chocolate, butter, icing sugar, egg yolks + whole eggs, flour",3,1
82.0,257.0,2.0,ragi oats ladoo (laddu),Dessert,veg,"ragi flour, oats flour, dates (ripe), milk, honey, ghee, green cardamom powder, white sesame seeds, coconut powder, cashew nuts",3,1
83.0,41.0,5.0,khichdi,Indian,veg,"Quick cooking oats, peanuts, cumin, turmeric powder, red chilli powder, onion, tomatoes, carrots, green peas, ginger, green chillies, salt, extra virgin olive oil, water, coriander leaves",6,1
83.0,79.0,1.0,beetroot and green apple soup,Healthy Food,veg,"beetroots, green apple, onion, olive oil, salt, black peppercorns (crushed), butter, vegetable stock, mixed dried herbs, fresh cream, lemon juice, parsley sprigs, red chilli flakes, soup sticks as required",5,1
85.0,202.0,3.0,pista chocolate & mandarin,Dessert,veg,"Pistachios, milk, sugar, broken rice, green cardamom, white chocolate, milk, egg yolks, whipped cream, vanilla pod, mandarin, sugar, water",3,1
86.0,24.0,1.0,green lentil dessert fudge,Dessert,veg,"whole moong beans, cow ghee, raisins, whole milk, jaggery (organic), ground cardamom, almonds (halved)",3,1
86.0,159.0,2.0,batter fish,Mexican,non-veg,"Fresh fish pieces (river sol or sea bass), maida, passerley, oil, baking powder, maida, egg (optional), soda water, salt and pepper",10,0
86.0,224.0,5.0,eggless vanilla cake,Dessert,veg,"maida, baking powder, castor sugar, butter, milk, vanilla essence, vinegar",3,1
86.0,237.0,4.0,double chocolate easter cookies,Dessert,veg,"Butter, Brown Sugar, Castor Sugar, Vanilla Essence, Dark Chocolate, Refined Flour, Cocoa Powder, Baking Soda, Salt, Milk, Cadbury Gems",3,1
87.0,29.0,1.0,spinach and feta crepes,French,veg,"milk (whole fat or skimmed), flour, water, butter, honey, salt, vegetable oil, extra butter (for crisping the crepe), spinach, feta cheese (crumbled), greek yogurt (whisked), honey",4,1
87.0,200.0,2.0,chocolate kaju katli,Dessert,veg,"cashew nuts, sugar, water, milk chocolate or dark chocolate",3,1
87.0,137.0,4.0,japanese fish stew,Japanese,non-veg,"sole fillet (you can also do 2/3 types of fish), large shrimps (optional), potatoes (peeled), onions (cut into slices), garlic cloves, red capsicum (can use green also), parsley or coriander (choose the herb that most suits your taste buds), few dashes of hot sauce, paprika, olive oil, white wine, rock salt",8,0
88.0,5.0,3.0,christmas cake,Dessert,veg,"christmas dry fruits (pre-soaked), orange zest, lemon zest, jaggery syrup, almond flour, apple, butter (softened), eggs",3,1
88.0,210.0,2.0,quinoa coconut crumble custard,Dessert,veg,"Knoia (cooked), oats, cinnamon powder, salt, brown sugar or jaggery, nuts, coconut nuts, eggs, kinoia, coconut milk, maple syrup, vanilla extract, cinnamon powder, salt, honey",3,1
89.0,143.0,4.0,seafood rock filler,French,veg,"baked tart of mixed sea food served with phyllo fruit bowl, savory tart shell (semi baked), mixed sea food, mornay sauce, assorted herb and seasoning, phyllo pastry, assorted seasonal fruit",4,1
89.0,163.0,5.0,red rice vermicelli kheer,Indian,veg,"red rice vermicelli / broken sooji / semolina vermicelli, butter, almonds, whole milk, cardamom powder, saffron strands / thread, sugar",6,1
91.0,176.0,5.0,thai fish curry,Thai,non-veg,"fish (cubed), thai green curry paste, oil, onions, garlic, ginger/galangal, coconut milk, coriander, lemon juice, palm sugar, basil leaves, salt & pepper",14,0
91.0,163.0,1.0,red rice vermicelli kheer,Indian,veg,"red rice vermicelli / broken sooji / semolina vermicelli, butter, almonds, whole milk, cardamom powder, saffron strands / thread, sugar",6,1
91.0,231.0,5.0,chicken in white wine,Italian,non-veg,"black pepper, plain flour, olive or sunflower oil, rashers lean bacon, onions or shallots (cut in half), mushrooms, butter, boneless and skinless chicken breasts (chopped into 3cm pieces), dry white wine, chicken or vegetable stock, garlic cloves, bay leaves, fresh thyme sprigs (washed or 1/2 tsp dried thyme)",7,0
91.0,247.0,5.0,microwave chicken steak,Healthy Food,non-veg,"chicken breasts (boneless), eggs (slightly whisked), ginger paste, garlic paste, onions, coriander leaves, green chillies, black pepper powder, flour, vinegar, salt, oil",5,0
92.0,6.0,1.0,japanese curry arancini with barley salsa,Japanese,veg,"japanese curry, sticky rice, cheese inside rice, barley salsa, wasabi mayo, red capsicum cube (cut), yellow capsicum cube (cut), green capsicum cube (cut), green chili, barley, butter, white pepper, light soya, salt",8,1
92.0,53.0,5.0,chocolate appe,Snack,veg,"rice, coconut, baking powder, vanilla extract, cinnamon powder, brown sugar, unsweetened cocoa powder, salt, chocolate chips, butter",12,1
92.0,64.0,3.0,chocolate prunes gujiyas,Japanese,veg,"for gujiya pastry:, refined flour, ghee, water, salt, for gujiya stuffing:, dark chocolate, prunes, mawa, sugar, cardamom",8,1
93.0,130.0,5.0,chicken shami kebab,Indian,non-veg,"oil, cumin seeds, cloves, black peppercorns, cinnamon, coriander seeds, ajwain, red chilli whole, chilli flakes, boneless chicken, salt, water, ginger, green chilli, garlic, coriander leaves , mint leaves , egg",6,0
94.0,117.0,4.0,chicken in mahalak sauce,Indian,non-veg,"Salt, sugar, seasonings, oil, corn flour, chicken leg, fresh chilli, garlic, ginger, onion, red chili paste, tomato catchup, paprika, yellow capsicum, vegetable stock",6,0
94.0,5.0,2.0,christmas cake,Dessert,veg,"christmas dry fruits (pre-soaked), orange zest, lemon zest, jaggery syrup, almond flour, apple, butter (softened), eggs",3,1
94.0,48.0,3.0,almond and chicken momos (without shell),Chinese,non-veg,"chicken mince, garlic, carrots, spring onion, ginger, soya sauce, oyster sauce, sesame oil, pepper powder, egg, almonds (blanched), oil (for greasing)",2,0
94.0,243.0,5.0,assorted rice kheer sushi,Japanese,veg,"basmati rice, milk, sugar, pistachio, almonds, green cardamoms(powdered), saffron, rose water, rose petals (dried), dark chocolate",8,1
95.0,67.0,1.0,clotted cottage cheese croquettes,Italian,veg,"black pepper, black salt, bread crumb, corn flour, refined oil, jalapeno, jeera powder, maida, cottage cheese, parsley, salt, for thousand island dressing:, mayonnaise, tomato ketchup, minced garlic, celery, black pepper",7,1
95.0,228.0,3.0,chocolate chip cheesecake,Dessert,veg,"butter biscuits (broken into pieces), butter (softened), cream cheese (softened), sugar, egg, rose essence or vanilla essence, chocolate chips",3,1
95.0,297.0,5.0,chettinadu chicken,Indian,non-veg,chicken and spices,6,0
96.0,293.0,5.0,chicken tikka masala,Indian,non-veg,chicken roasted in a yogurt tomato sauce. creamy texture.,6,0
97.0,20.0,1.0,baked multigrain murukku,Snack,veg,"oats, ragi flour (bhakri atta), wheat flour, rice flour, urad dal flour (dry roast and grind the dal to a fine powder), cumin seeds, green chillies, ginger, salt, oil",12,1
97.0,31.0,3.0,baked almond kofta,Snack,veg,"potato (boiled), nutmeg, milk, almonds (crushed), green onions, refined flour, egg, salt, pepper, eggs, refined flour (for rolling), dried breadcrumbs (for rolling)",12,1
97.0,64.0,4.0,chocolate prunes gujiyas,Japanese,veg,"for gujiya pastry:, refined flour, ghee, water, salt, for gujiya stuffing:, dark chocolate, prunes, mawa, sugar, cardamom",8,1
97.0,308.0,3.0,flattened rice / poha,Indian,veg,"dehusked rice which is flattened into flat light dry flakes, these flakes of rice swell when added to liquid, whether hot or cold, as they absorb water, milk, or any other liquids. the thicknesses of these flakes vary between almost translucently thin (the more expensive varieties) to nearly four times thicker than a normal rice grain.",6,1
98.0,35.0,4.0,banana walnut smoothie,Healthy Food,veg,"Low Fat Yogurt, Banana, Walnuts, Seeds (Facseeds and Chia Seeds), Honey",5,1
98.0,82.0,2.0,soya milk,Beverage,veg,"Soybean, hot water",1,1
98.0,47.0,2.0,meat lovers pizza,Italian,non-veg,"millet flour, tapioca flour, soy milk, garlic powder, baking powder, salt, tomato sauce, mozzarella cheese, prosciutto, pepperoni, chicken salami, salami milano, rosemary, olive oil",7,0
98.0,194.0,2.0,egg and cheddar cheese sandwich,Mexican,non-veg,"egg, salt, pepper, ham slices, basil leaves",10,0
98.0,217.0,3.0,mustard-parmesan whole roasted cauliflower,Healthy Food,veg,"cauliflowers, garlic, halved, olive oil , dijon mustard , kosher salt , freshly ground black pepper , fresh parsley leaves, parmesan , lemon wedges",5,1
99.0,49.0,3.0,christmas tree pizza,Italian,veg,"pizza dough (2 boules), red pepper, red onion, basil pesto (purchased, homemade or vegan pesto), mozzarella cheese, kosher salt",7,1
99.0,152.0,2.0,prawn fried rice,Thai,veg,"Oil, Bacon, Prawns, Chicken, Carrots, Garlic Buds, Ginger, Spring Onion, Sweet Chili Sauce, Soy Sauce, Salt, Pepper, Sweet Corn, Vinegar, Baked Rice, Green Coriander",14,1
99.0,22.0,1.0,baked namak para,Snack,veg,"whole wheat flour (atta), refined flour (maida), baking powder, ghee, salt, carom seeds (ajwain)",12,1
